cod-ine,nombre,mujer_rural,mujer_urbana,hombre_rural,hombre_urbana,m0,m5,m10,m15,m20,m25,m30,m35,m40,m45,m50,m55,m60,m65,m70,m75,m80,m85,m90,m95,m100,h0,h5,h10,h15,h20,h25,h30,h35,h40,h45,h50,h55,h60,h65,h70,h75,h80,h85,h90,h95,h100
10101,Sucre,11211,113456,11192,125342,13787,12363,13768,14858,15254,11091,9222,7116,5849,4768,4086,3242,2790,2093,1676,971,986,445,186,116,0,13411,12270,13654,15834,16390,11840,10111,8276,6949,5917,4915,4105,3686,2745,2145,1485,1576,737,301,187,0
10102,Yotala,4704,0,4757,0,470,467,600,557,401,293,271,238,222,219,230,187,192,152,93,40,41,18,10,3,0,458,420,588,474,347,305,277,245,246,233,226,199,232,157,119,95,74,41,16,5,0
10103,Poroma,8714,0,8663,0,1141,1113,1190,760,496,442,492,472,416,405,400,345,316,200,213,104,118,50,30,11,0,1156,1107,1131,684,464,445,544,448,418,407,371,342,309,199,240,132,169,50,32,15,0
10201,Villa Azurduy,5414,0,5238,0,673,736,835,520,340,296,334,266,222,190,218,195,165,120,116,71,68,35,6,8,0,681,735,704,462,272,281,338,265,225,202,226,153,205,132,114,82,94,33,17,17,0
10202,Tarvita,7237,0,7024,0,811,1046,1122,693,385,324,385,369,364,295,299,239,275,169,176,116,97,29,26,17,0,812,989,1015,618,348,324,358,364,376,336,285,222,257,194,179,123,126,45,31,22,0
10301,Villa Zudañez,3671,2124,3523,2044,577,550,642,640,572,452,399,328,304,268,261,219,185,151,94,65,57,20,5,6,0,526,559,587,609,491,388,378,329,308,283,245,226,198,131,135,73,61,29,4,7,0
10302,Presto,4848,1457,4629,1451,810,752,760,642,465,474,384,361,283,301,266,207,188,131,104,56,62,22,20,17,0,742,659,709,616,477,477,408,343,283,253,232,213,215,164,109,45,73,26,23,13,0
10303,Villa Mojocoya,3985,0,4083,0,464,405,593,448,276,245,210,208,186,188,182,138,150,98,76,44,45,18,2,9,0,481,446,553,401,266,207,238,244,208,191,178,150,152,120,89,60,60,21,11,7,0
10304,Icla,3884,0,3890,0,413,499,576,447,212,211,222,197,199,160,160,133,148,99,81,41,49,19,17,1,0,430,517,519,369,210,202,206,184,181,183,144,155,180,119,83,56,105,25,13,9,0
10401,Padilla,3706,1548,3363,1766,501,493,665,503,396,361,353,345,284,276,233,213,199,151,109,85,49,27,8,3,0,532,575,583,475,336,321,334,288,270,270,215,210,192,174,143,88,70,27,17,9,0
10402,Tomina,4294,0,4200,0,472,483,538,456,326,280,243,238,238,224,188,145,142,117,68,44,54,21,10,7,0,482,473,534,420,291,248,265,246,194,216,177,145,159,121,75,49,65,25,9,6,0
10403,Sopachuy,2661,1013,2509,1129,438,427,474,373,272,231,240,226,180,156,129,122,135,97,81,42,31,10,6,4,0,425,413,484,318,225,198,253,215,181,152,143,126,157,114,87,47,64,12,13,11,0
10404,Villa Alcalá,2490,0,2412,0,264,202,273,281,260,210,178,137,140,122,95,77,75,65,52,19,24,6,6,4,0,236,214,263,245,204,194,203,130,136,126,116,92,74,59,44,25,27,18,4,2,0
10405,El Villar,2311,0,2154,0,216,239,259,267,187,139,156,138,134,146,98,87,67,48,73,27,23,4,2,1,0,211,226,267,214,162,130,149,121,101,125,101,83,69,49,59,35,34,11,2,5,0
10501,Monteagudo,6866,5553,5994,5890,1286,1215,1569,1436,949,781,840,789,743,583,561,427,376,308,241,143,89,47,21,15,0,1261,1148,1482,1350,840,789,777,762,654,593,511,385,401,305,230,160,145,55,25,11,0
10502,San Pablo de Huacareta,4400,0,3949,0,488,443,609,457,284,261,293,263,261,244,230,129,121,88,91,61,45,15,7,10,0,494,441,491,334,242,246,228,238,229,207,185,122,135,111,106,53,56,19,9,3,0
10601,Tarabuco,6914,1377,7053,1600,927,1098,1179,809,468,379,402,358,417,424,359,379,322,259,190,106,129,42,33,11,0,892,1064,1253,743,447,377,443,391,483,422,416,387,352,267,216,125,229,88,31,27,0
10602,Yamparáez,5047,0,5064,0,527,511,637,470,319,288,276,260,252,248,238,224,263,190,151,78,61,33,10,11,0,476,529,602,432,244,260,278,275,235,267,295,269,286,170,172,90,110,38,20,16,0
10701,Camargo,5232,2503,5149,2760,875,822,1005,788,565,535,506,468,381,381,313,289,243,189,159,94,59,42,14,7,0,803,845,1023,768,516,533,516,454,410,373,336,295,281,227,186,125,123,50,31,14,0
10702,San Lucas,15859,0,16661,0,2178,2186,2254,1591,946,887,842,753,736,625,579,500,495,378,367,243,187,61,37,14,0,2120,2196,2211,1522,1009,870,903,822,741,716,671,550,639,468,450,295,288,104,48,38,0
10703,Incahuasi,6582,0,6474,0,908,836,874,796,542,515,441,348,275,287,166,140,138,99,92,52,45,19,4,5,0,888,864,862,693,552,456,391,342,280,273,188,150,164,112,101,58,63,29,4,4,0
10704,Villa Charcas,6624,1372,6680,1474,1111,1023,1077,812,745,554,559,403,355,293,285,180,169,136,105,87,59,21,12,10,0,1088,1016,1080,839,662,552,522,419,373,331,269,214,253,137,134,106,99,36,14,10,0
10801,Villa Serrano,4102,1606,3761,1692,604,543,735,593,444,294,328,300,298,278,276,237,230,182,150,100,68,27,8,13,0,562,539,664,555,407,291,299,317,270,278,260,230,225,172,139,91,90,39,13,12,0
10901,Camataqui (Villa Abecia),1789,0,1725,0,214,184,184,166,179,153,144,96,70,74,85,59,66,41,31,17,17,4,3,2,0,182,150,178,178,136,149,113,89,61,87,67,73,73,49,47,42,28,14,4,5,0
10902,Culpina,7361,1270,7619,1481,1087,1106,1192,866,635,501,515,422,382,360,307,272,295,203,187,132,96,38,20,15,0,1087,1104,1176,844,622,524,530,496,457,388,335,282,329,213,253,191,159,54,35,21,0
10903,Las Carreras,2123,0,1965,0,211,187,237,216,210,162,138,133,109,92,87,82,76,62,49,32,27,7,5,1,0,177,177,190,170,151,159,142,113,97,93,90,100,83,60,50,50,37,16,7,3,0
11001,Villa Vaca Guzmán (Muyupampa),3506,1617,2999,1598,564,498,599,602,457,342,324,318,275,250,197,153,163,140,106,56,45,18,11,5,0,527,503,594,456,359,311,302,249,232,229,186,127,166,114,90,61,57,24,4,6,0
11002,Huacaya,1402,0,1139,0,167,150,194,159,114,76,83,80,76,90,53,39,33,29,27,10,11,5,3,3,0,138,158,139,117,87,56,77,60,41,60,39,33,45,31,24,14,12,8,0,0,0
11003,Macharetí,4041,0,3377,0,463,356,462,483,385,300,311,210,184,193,188,140,119,80,79,43,21,15,7,2,0,374,342,439,342,265,269,238,175,181,144,138,101,107,98,54,42,34,16,13,5,0
20101,La Paz,3985,363757,3638,395088,32230,29686,32746,36613,37562,31584,31004,25510,23329,18899,17749,13855,12075,8508,6083,4038,3555,1798,655,263,0,30758,28704,32122,36412,38213,34082,34918,29981,26762,22407,20943,16197,14552,10536,8045,5478,4848,2427,960,381,0
20102,Palca,8528,0,8094,0,863,847,967,892,691,587,529,505,468,454,366,361,288,269,179,128,82,38,7,7,0,821,860,901,871,639,518,518,467,434,436,368,303,279,209,191,121,80,44,26,8,0
20103,Mecapaca,8150,0,7936,0,688,700,808,883,621,570,506,541,467,449,407,379,319,283,211,134,113,44,21,6,0,669,683,808,861,586,545,539,562,484,415,347,353,349,251,165,124,105,58,21,11,0
20104,Achocalla,1730,9307,1727,9415,1119,1030,1287,1159,903,773,734,709,660,574,499,400,389,310,207,132,93,38,16,5,0,968,1047,1220,1143,954,798,820,777,659,616,518,412,395,281,216,139,98,49,20,12,0
20105,El Alto,793,408191,779,438689,46925,43588,48023,45439,42365,34792,33535,27195,22863,17038,14177,10241,8194,5478,3816,2299,1682,817,340,177,0,45749,42908,47507,48849,45484,39199,39212,31914,26081,19564,15847,11217,8903,6071,4109,2808,2168,1154,444,280,0
20201,Achacachi,17927,4632,18829,4670,2048,2017,2558,2706,1799,1330,1258,1202,1183,1179,1124,989,950,750,573,369,295,154,47,28,0,1763,2022,2449,2581,1784,1438,1347,1288,1366,1399,1255,1034,1099,843,643,492,387,185,78,46,0
20202,Ancoraimes,6452,0,6684,0,474,574,630,765,396,336,315,309,344,393,370,372,366,285,205,135,107,45,20,11,0,474,547,652,691,404,304,316,324,397,395,406,397,407,313,265,167,117,68,27,13,0
20203,Chua Cocani,2524,0,2479,0,179,177,230,323,183,133,125,146,128,155,135,142,134,119,77,64,41,20,8,5,0,150,180,211,226,146,145,138,142,147,158,136,147,152,137,95,76,52,25,10,6,0
20204,Huarina,3793,0,4155,0,266,265,358,352,247,229,182,200,201,196,201,202,229,234,201,96,66,41,19,8,0,246,288,340,385,243,246,184,210,214,247,269,277,286,231,187,110,109,61,10,12,0
20205,Santiago de Huata,4180,0,4382,0,310,288,379,369,291,194,167,171,217,233,287,221,299,257,179,133,102,51,18,14,0,292,296,360,373,261,204,174,184,217,300,322,315,306,234,182,126,149,60,14,13,0
20206,Huatajata,1921,0,2006,0,167,124,144,136,140,116,144,106,110,102,116,102,112,102,80,54,37,20,5,4,0,174,123,150,149,135,121,120,132,103,115,131,122,121,113,64,55,39,21,10,8,0
20301,Coro Coro,5615,0,5032,0,440,472,607,751,431,284,305,294,296,287,295,286,238,205,137,110,111,44,13,9,0,430,428,479,479,331,297,293,281,287,283,295,272,246,202,141,106,108,46,17,11,0
20302,Caquiaviri,7466,0,7221,0,605,658,798,664,469,430,395,415,412,415,417,359,380,327,241,203,179,68,26,5,0,610,608,705,644,469,373,400,369,398,412,397,379,358,309,276,208,176,89,23,18,0
20303,Calacoto,5197,0,4682,0,377,412,528,427,368,305,307,298,303,294,303,244,268,233,187,122,119,73,20,9,0,336,385,433,379,323,260,242,257,227,274,261,242,250,233,174,159,133,71,26,17,0
20304,Comanche,1958,0,1922,0,165,198,236,182,111,71,96,96,94,107,123,96,96,90,85,49,36,17,6,4,0,160,172,200,188,112,91,103,89,112,122,103,110,97,93,59,47,37,11,8,8,0
20305,Charaña,1642,0,1604,0,137,146,172,141,126,124,111,99,94,97,74,78,77,51,36,31,30,10,6,2,0,145,149,146,145,139,121,88,95,96,69,81,81,76,59,37,30,24,16,5,2,0
20306,Waldo Ballivián,1554,1045,1489,981,232,253,325,386,272,196,207,152,134,103,85,73,58,39,34,20,13,10,5,2,0,288,260,330,310,235,222,177,143,133,105,54,53,61,31,24,14,14,9,6,1,0
20307,Nazacara de Pacajes,334,0,285,0,25,30,25,46,32,24,20,15,19,20,17,14,12,10,7,10,1,2,3,2,0,32,15,30,30,29,21,19,19,18,13,17,14,10,8,2,3,2,3,0,0,0
20308,Santiago de Callapa,3932,0,3357,0,255,302,407,320,207,202,235,224,229,232,250,230,268,203,133,99,77,41,13,5,0,281,299,300,273,182,197,166,154,168,158,224,186,219,184,124,101,77,41,17,6,0
20401,Puerto Acosta,5623,0,5667,0,408,494,529,628,298,271,263,273,278,307,357,315,313,272,242,168,125,58,17,7,0,382,423,532,524,284,221,255,251,304,369,399,346,351,307,263,198,144,64,34,16,0
20402,Mocomoco,8178,0,7487,0,686,714,792,880,527,425,453,398,522,458,457,413,449,344,269,172,124,63,14,18,0,642,678,751,750,427,355,371,376,395,435,410,364,454,313,337,187,130,67,24,21,0
20403,Puerto Carabuco,7579,0,7010,0,672,569,677,837,493,471,429,392,392,422,428,419,418,335,257,170,111,54,15,18,0,625,589,657,666,419,353,359,352,357,410,409,403,415,334,224,197,144,58,26,13,0
20404,Humanata,2710,0,2632,0,230,253,299,299,204,154,132,119,152,151,134,149,127,117,77,63,34,11,3,2,0,188,249,264,291,175,135,114,136,143,133,139,160,142,113,87,79,45,24,8,7,0
20405,Escoma,3549,0,3637,0,232,262,329,333,207,206,148,165,208,218,231,220,251,182,127,92,70,50,12,6,0,235,253,296,305,183,210,159,165,179,242,266,244,284,241,161,79,75,36,14,10,0
20501,Chuma,5955,0,5518,0,534,503,656,683,471,364,336,303,331,343,315,215,251,199,190,118,82,27,15,19,0,495,493,576,676,380,339,267,300,296,318,234,223,266,167,198,139,77,41,17,16,0
20502,Ayata,4384,0,4026,0,447,439,509,573,370,273,235,223,267,221,172,139,131,128,103,64,51,23,8,8,0,444,417,481,455,277,219,214,194,226,219,179,135,159,99,118,84,62,28,8,8,0
20503,Aucapata,2940,0,2555,0,290,286,305,373,234,212,185,172,165,186,126,84,104,68,62,30,34,13,3,8,0,316,263,307,291,192,157,132,142,149,138,99,86,85,52,67,32,27,13,0,7,0
20601,Sorata,10883,1272,9841,1516,1165,1069,1186,1182,1110,879,863,745,753,679,543,469,447,371,266,192,139,62,25,10,0,1091,1081,1163,1135,1007,822,713,617,606,584,528,447,449,337,311,198,163,65,25,15,0
20602,Guanay,5953,2118,4670,2047,788,748,774,912,795,694,589,532,485,450,405,268,236,144,117,66,38,11,11,8,0,835,732,706,713,619,541,506,376,383,333,263,181,152,132,100,71,39,17,8,10,0
20603,Tacacoma,4468,0,3714,0,456,386,423,469,451,420,346,302,268,244,200,158,103,70,61,39,31,26,8,7,0,433,367,380,389,364,305,287,232,223,171,150,116,90,73,45,38,28,12,6,5,0
20604,Quiabaya,1402,0,1282,0,153,143,142,168,112,74,88,77,79,76,61,59,54,37,38,20,12,6,1,2,0,115,123,147,164,93,76,72,73,68,71,50,47,64,52,28,15,12,9,3,0,0
20605,Combaya,1931,0,1800,0,119,142,169,198,154,161,135,116,87,122,112,95,114,73,54,36,25,14,4,1,0,116,110,176,174,128,140,114,108,110,102,100,88,88,83,64,47,27,19,4,2,0
20606,Tipuani,4049,1287,3480,1169,594,506,568,513,452,402,365,338,352,342,325,214,135,102,56,34,22,7,8,1,0,513,473,547,523,448,419,333,318,269,258,177,111,89,80,43,16,17,9,6,0,0
20607,Mapiri,4514,3016,3371,2990,932,761,806,837,708,648,589,464,426,419,302,202,156,104,83,51,29,5,6,2,0,871,743,777,728,626,521,467,373,325,280,185,124,112,63,57,55,31,13,6,4,0
20608,Teoponte,5152,0,4197,0,532,473,463,605,521,426,340,342,322,284,239,197,154,102,71,40,28,9,4,0,0,519,474,476,516,410,332,303,211,246,199,148,113,91,55,49,22,20,10,2,1,0
20701,Apolo,7522,3460,6410,2916,1277,1257,1239,1485,939,764,675,570,596,522,421,312,299,196,191,91,73,40,25,10,0,1218,1147,1166,1111,733,624,572,552,430,400,287,234,237,194,162,99,92,36,21,11,0
20702,Pelechuco,3908,0,2872,0,428,337,342,456,491,359,287,263,203,163,149,129,110,66,56,26,27,7,7,2,0,360,287,290,295,294,262,196,130,146,136,121,95,82,63,43,25,27,9,10,1,0
20801,Viacha,8682,31013,9063,31966,4129,3946,4411,4193,3618,2950,3031,2500,2308,1902,1668,1320,1150,908,623,456,340,173,46,23,0,4001,3889,4058,4008,3659,3266,3319,2889,2556,2060,1853,1421,1241,881,704,496,402,215,66,45,0
20802,Guaqui,3596,0,3682,0,240,280,348,510,229,162,163,164,154,179,178,188,222,207,140,108,76,36,6,6,0,210,239,337,318,207,191,203,176,191,209,236,226,262,186,170,133,109,45,21,13,0
20803,Tiahuanacu,4946,1099,5215,929,421,456,711,827,466,378,323,327,343,296,290,284,250,227,167,133,65,54,16,11,0,391,448,641,756,480,403,354,375,316,356,282,309,273,233,180,131,120,57,16,23,0
20804,Desaguadero,1449,2017,1473,2048,353,342,334,288,238,256,230,233,222,194,161,145,112,114,77,70,55,26,8,8,0,299,318,265,284,289,257,247,216,214,192,171,157,178,129,101,82,64,33,19,6,0
20805,San Andrés de Machaca,3085,0,3060,0,250,211,287,260,213,204,164,146,173,179,168,168,165,155,126,96,84,24,9,3,0,241,211,273,268,185,153,187,164,152,187,163,164,184,147,136,99,76,49,13,8,0
20806,Jesús de Machaca,7448,0,7591,0,575,602,851,803,543,454,416,409,416,413,353,360,327,293,231,183,133,54,19,13,0,585,581,774,805,553,447,385,459,415,422,369,366,415,296,244,218,137,83,24,13,0
20807,Taraco,3310,0,3293,0,193,244,310,300,198,160,168,181,188,184,226,188,190,180,153,104,75,41,16,11,0,173,236,276,270,166,176,164,167,178,227,227,219,221,199,131,105,83,48,17,10,0
20901,Luribay,5685,0,5454,0,450,477,553,583,411,390,387,354,368,350,310,265,232,189,129,93,64,41,19,20,0,435,450,547,543,380,379,358,365,363,344,229,296,242,181,118,87,60,43,21,13,0
20902,Sapahaqui,6309,0,6175,0,512,615,712,611,405,377,389,321,394,399,373,283,302,205,149,112,79,38,15,18,0,501,558,625,582,382,407,418,388,382,363,325,308,316,201,160,95,82,40,28,14,0
20903,Yaco,3804,0,3511,0,331,430,431,419,266,216,171,209,205,177,207,168,167,138,115,72,43,24,8,7,0,361,361,415,377,224,193,170,174,195,185,175,165,155,124,91,46,59,16,17,8,0
20904,Malla,2703,0,2477,0,268,239,273,273,253,220,210,154,162,162,114,103,69,60,49,37,38,13,3,3,0,269,232,252,287,220,168,167,147,127,128,102,79,82,64,53,40,37,18,3,2,0
20905,Cairoma,5903,0,5452,0,597,596,625,648,419,419,388,338,344,324,283,257,212,171,118,80,54,18,9,3,0,577,621,658,599,404,368,327,309,305,283,206,203,182,136,105,62,73,18,7,9,0
21001,Inquisivi,7889,0,6828,0,793,799,896,851,542,456,428,438,407,438,390,364,331,283,201,135,74,46,10,7,0,760,754,851,694,402,338,358,380,373,372,329,301,256,237,163,110,89,39,9,13,0
21002,Quime,3073,1462,2062,1669,413,355,439,388,386,412,327,281,257,249,237,196,187,143,101,69,58,26,5,6,0,345,344,382,360,288,274,229,201,174,207,183,145,176,136,94,71,61,39,8,14,0
21003,Cajuata,5479,0,4979,0,593,579,571,591,444,407,378,336,308,275,224,180,188,152,109,75,39,23,4,3,0,556,548,514,532,417,374,376,301,273,260,192,155,151,112,86,59,49,18,5,1,0
21004,Colquiri,7333,3252,6315,2720,1131,1106,1214,1029,890,816,764,694,579,523,466,411,345,254,142,87,74,34,14,12,0,1060,1052,1107,907,680,629,508,507,455,436,365,329,356,239,141,104,98,35,20,7,0
21005,Ichoca,4162,0,3751,0,462,408,483,476,312,278,254,219,235,201,179,154,145,146,97,51,39,12,7,4,0,423,418,464,433,253,241,218,205,179,190,159,127,141,107,80,59,33,10,5,6,0
21006,Licoma Pampa,1656,1204,1492,1136,213,219,337,374,291,266,202,179,139,140,112,99,94,73,44,31,29,10,6,2,0,195,202,293,333,308,207,206,150,145,159,112,89,64,51,56,31,15,7,2,3,0
21101,Chulumani,7970,992,7787,1074,932,895,852,888,653,742,720,532,517,494,447,329,332,228,184,104,64,27,14,8,0,860,880,796,939,776,737,671,619,538,517,368,283,269,199,171,113,72,34,11,8,0
21102,Irupana,9330,0,7946,0,863,788,847,846,830,793,746,585,582,540,480,347,360,231,211,129,86,42,10,14,0,860,802,733,766,682,602,623,500,491,425,360,264,288,190,155,85,70,25,15,10,0
21103,Yanacachi,3435,0,2985,0,291,278,264,303,316,312,285,241,224,202,193,150,119,95,75,44,24,14,4,1,0,310,318,260,247,253,301,243,179,175,149,135,123,111,54,63,27,22,11,2,2,0
21104,Palos Blancos,10790,2660,8463,2818,1505,1503,1462,1614,1167,1100,1006,820,790,642,533,381,330,249,146,112,43,27,13,7,0,1422,1357,1337,1374,1034,904,829,717,538,510,329,272,276,146,116,51,46,13,6,4,0
21105,La Asunta,20112,1196,17702,1168,2917,2390,2007,2406,2197,2059,1751,1259,1119,966,745,509,375,242,176,88,56,25,12,9,0,2838,2252,1794,2224,2105,1930,1358,1113,962,755,503,340,262,171,114,62,44,19,16,8,0
21201,Pucarani,13820,0,14645,0,1385,1314,1636,1574,1165,876,776,659,678,653,728,582,561,389,343,232,167,67,20,15,0,1302,1291,1478,1666,1170,917,842,833,797,819,753,653,638,473,385,249,215,101,41,22,0
21202,Laja,12130,0,12401,0,1084,1058,1287,1366,1009,868,743,703,679,625,574,501,464,378,313,210,155,77,22,14,0,1011,1039,1295,1350,945,891,746,751,747,652,663,557,504,439,289,229,171,77,27,18,0
21203,Batallas,7369,1082,7800,1175,766,761,923,1003,573,436,418,379,466,428,446,408,405,321,330,163,127,66,19,13,0,720,748,894,1027,632,472,443,493,535,540,485,474,451,327,281,181,138,73,40,21,0
21204,Puerto Pérez,4009,0,4148,0,309,310,414,424,248,218,199,218,207,219,207,222,218,217,168,102,64,28,11,6,0,332,311,396,399,268,233,219,217,216,236,225,243,243,205,152,94,87,49,12,11,0
21301,Sica Sica,10560,5522,9654,5576,1596,1510,1906,1849,1266,1104,1008,955,843,794,764,642,587,439,283,239,188,72,24,13,0,1536,1474,1725,1740,1249,1015,882,885,771,756,693,670,544,435,308,227,188,87,25,20,0
21302,Umala,4583,0,4320,0,384,382,400,445,278,241,246,212,207,277,313,262,291,231,177,111,83,35,3,5,0,379,366,399,409,230,203,215,199,226,257,271,253,247,226,149,125,102,37,20,7,0
21303,Ayo Ayo,3977,0,3821,0,378,372,447,391,260,253,218,229,215,215,208,197,173,134,124,84,43,26,6,4,0,360,368,438,407,257,221,207,218,197,199,192,178,195,148,89,52,53,25,13,4,0
21304,Calamarca,6307,0,6106,0,513,627,779,668,478,411,371,327,352,374,329,284,262,189,134,94,74,30,7,4,0,529,627,692,646,421,379,321,349,382,382,307,278,251,188,126,98,63,44,14,9,0
21305,Patacamaya,5921,5454,5688,5795,1225,1162,1313,1430,953,826,702,614,546,512,451,409,354,293,231,154,113,56,16,15,0,1228,1203,1246,1325,912,857,711,653,626,561,485,415,359,291,228,154,121,67,20,21,0
21306,Colquencha,3501,1559,3293,1526,464,481,548,559,431,363,366,281,275,285,231,222,168,122,79,73,67,30,8,7,0,436,456,516,553,407,331,316,292,272,262,250,198,128,119,95,77,68,26,8,9,0
21307,Collana,1086,1375,1114,1467,232,223,237,260,191,183,176,149,145,150,126,98,95,64,49,30,29,16,5,3,0,255,215,236,266,242,198,173,159,152,166,125,102,89,70,46,29,30,17,5,6,0
21401,Coroico,9001,1140,8043,1213,921,860,996,1042,857,763,774,662,622,545,500,443,397,254,215,135,88,36,17,14,0,892,867,877,979,867,745,717,588,491,485,406,342,326,228,179,111,89,37,13,17,0
21402,Coripata,8460,0,8470,0,856,804,766,896,669,674,660,545,536,458,401,358,263,193,167,102,59,34,12,7,0,813,783,775,953,721,761,672,576,507,447,400,252,253,206,134,101,59,28,15,14,0
21501,Ixiamas,2989,2227,2343,1803,659,537,551,573,457,429,435,353,335,230,204,169,118,61,52,33,7,5,4,4,0,655,500,480,454,375,349,318,260,200,144,106,101,73,45,37,21,15,7,3,3,0
21502,San Buenaventura,2848,1772,2411,1680,608,542,504,472,349,349,362,312,260,205,175,128,121,88,70,43,20,8,2,2,0,570,554,485,466,321,346,292,226,177,130,143,116,95,56,51,24,24,10,4,1,0
21601,Gral. Juan José Perez (Charazani),5117,1655,4602,1649,812,710,745,733,590,472,412,402,357,313,252,245,209,169,143,96,67,26,14,5,0,742,713,722,694,487,429,347,332,294,285,244,227,223,143,164,94,70,20,13,8,0
21602,Curva,1654,0,1631,0,210,182,188,175,134,130,105,103,105,69,45,48,41,34,32,21,22,3,2,5,0,192,182,155,159,134,127,107,101,82,71,52,42,61,52,37,36,25,6,5,5,0
21701,Copacabana,4440,2829,4760,2902,635,690,823,679,432,451,432,423,395,393,369,352,304,293,209,196,121,51,13,8,0,580,640,777,675,503,491,499,465,452,418,409,331,378,345,283,183,106,86,29,12,0
21702,San Pedro de Tiquina,2945,0,3107,0,172,247,275,258,178,148,152,132,132,159,175,153,198,189,156,96,72,34,11,8,0,184,232,258,213,148,138,168,152,166,175,194,183,257,214,183,101,81,41,12,7,0
21703,Tito Yupanqui,1362,1722,1440,1737,169,193,285,393,297,305,246,228,216,178,144,133,96,71,46,40,26,11,4,3,0,209,207,274,358,321,302,242,239,198,165,151,139,104,105,60,53,30,9,7,4,0
21801,San Pedro de Curahuara,4697,0,4161,0,348,353,433,466,378,334,341,276,257,286,270,224,205,163,124,107,79,31,20,2,0,286,307,388,504,349,267,263,242,225,228,208,188,196,147,110,97,93,34,20,9,0
21802,Papel Pampa,3703,0,3300,0,311,298,308,324,319,281,215,223,210,211,212,182,193,135,104,66,66,33,10,2,0,299,298,301,331,231,231,184,198,163,174,161,161,157,123,86,96,56,34,5,11,0
21803,Chacarilla,1086,0,918,0,110,82,129,86,62,77,77,77,68,66,49,44,49,42,27,21,14,5,0,1,0,87,96,100,98,57,68,60,41,52,41,49,31,56,26,25,11,8,5,6,1,0
21901,Santiago de Machaca,2347,0,2246,0,160,216,223,203,138,145,109,123,102,142,120,144,140,113,95,81,58,24,11,0,0,152,170,194,199,147,122,122,109,123,132,114,152,140,113,88,51,62,37,17,2,0
21902,Catacora,1488,0,1393,0,152,129,181,203,150,124,90,81,91,79,51,37,29,29,24,19,13,3,2,1,0,127,136,134,188,128,110,101,97,76,77,42,39,31,24,28,23,18,10,1,3,0
22001,Caranavi,19588,6927,17443,6372,2873,2605,2932,3373,2465,2096,1764,1523,1418,1306,1097,886,703,564,413,235,152,70,30,10,0,2697,2572,2707,2984,2309,1901,1667,1428,1227,1125,914,684,569,371,303,166,119,43,15,14,0
22002,Alto Beni,6205,0,4989,0,648,625,601,760,572,522,483,387,354,309,245,218,189,121,79,54,15,15,4,4,0,654,564,570,596,474,427,356,310,221,193,185,137,126,72,49,29,13,10,2,1,0
30101,Cochabamba,0,304677,0,327336,32119,28708,30562,32040,34005,27741,24430,19528,16295,13145,11920,9377,7887,5891,4129,2698,2356,1239,451,156,0,30626,27699,29801,34257,35566,29340,26627,21536,18130,15386,13732,11235,9684,7445,5725,3909,3590,1993,748,307,0
30201,Aiquile,7961,3690,7443,4173,1322,1441,1594,1344,708,608,638,601,546,578,537,471,422,330,228,117,104,45,11,6,0,1348,1367,1626,1170,658,571,599,667,544,630,505,498,476,364,256,150,111,55,14,7,0
30202,Pasorapa,2024,1569,1695,1565,332,312,394,445,304,287,247,257,201,185,168,126,116,82,54,48,22,10,1,2,0,327,264,389,364,248,282,251,190,183,151,133,113,101,87,66,41,38,18,8,6,0
30203,Omereque,2897,0,2746,0,321,307,320,433,290,199,143,150,160,182,105,80,80,45,35,23,15,5,2,2,0,302,360,372,311,198,172,179,165,173,132,89,73,61,54,41,21,26,12,2,3,0
30301,Independencia,12180,0,11478,0,1568,1353,1380,1291,816,756,708,666,606,591,523,442,436,331,320,191,124,42,21,15,0,1417,1366,1312,1239,695,626,644,618,529,531,466,446,419,351,325,177,199,69,28,21,0
30302,Morochata,6505,0,6292,0,761,701,749,736,457,362,359,346,329,325,296,266,271,150,169,90,80,31,19,8,0,734,700,690,678,408,295,360,351,314,331,311,252,259,170,194,87,90,35,16,17,0
30303,Cocapata,9596,0,8480,0,1263,1162,1071,1209,844,713,643,494,451,421,307,277,232,156,152,72,78,23,15,13,0,1175,1105,1072,988,592,556,515,435,382,349,290,249,247,153,150,96,78,19,15,14,0
30401,Tarata,2137,2003,2153,1949,364,402,454,524,540,274,213,182,180,181,173,159,149,99,115,58,38,22,7,6,0,397,364,447,431,377,228,239,220,210,183,179,180,149,142,132,87,86,35,11,5,0
30402,Anzaldo,3527,0,3665,0,405,377,402,373,207,213,154,168,162,166,178,156,179,143,98,62,45,22,11,6,0,419,395,418,328,220,154,135,150,193,184,189,180,213,160,121,82,84,19,8,13,0
30403,Arbieto,6695,1728,7172,1850,853,881,981,866,774,632,635,573,403,388,317,316,270,207,149,77,54,29,11,7,0,876,886,933,854,762,686,672,590,453,423,401,371,288,272,192,143,109,61,31,19,0
30404,Sacabamba,2136,0,2230,0,246,251,263,247,145,121,110,122,95,110,97,83,94,62,43,21,15,10,0,1,0,224,239,248,226,133,133,123,108,105,113,101,112,107,90,73,37,31,18,5,4,0
30501,Arani,2841,1691,3121,1851,450,406,526,579,390,279,213,209,210,230,209,208,201,137,127,71,50,22,9,6,0,394,382,512,537,397,278,235,270,246,245,276,285,275,196,161,113,102,44,16,8,0
30502,Vacas,4261,0,4679,0,472,408,429,597,349,220,163,163,177,217,175,205,180,154,138,101,61,28,18,6,0,435,414,492,553,322,219,224,198,244,220,236,251,217,212,161,96,110,43,22,10,0
30601,Arque,5228,0,5369,0,837,629,639,638,371,282,298,281,242,203,178,172,148,101,93,55,40,14,5,2,0,792,661,610,635,341,306,270,256,243,218,204,198,181,132,110,82,91,19,8,12,0
30602,Tacopaya,5062,0,5191,0,632,555,603,643,317,251,252,226,239,265,217,225,199,155,123,59,65,24,10,2,0,600,567,611,640,308,258,216,233,243,272,243,234,221,169,131,95,106,25,11,8,0
30701,Capinota,5121,4447,5139,4770,1180,1091,1067,1200,820,662,591,472,491,377,360,311,286,222,191,118,72,38,12,7,0,1063,1080,1056,1214,806,623,627,523,488,413,405,389,343,293,216,161,119,53,21,16,0
30702,Santivañez,3180,0,3347,0,305,257,295,415,306,218,157,157,146,141,138,139,161,115,91,63,46,20,10,0,0,279,258,282,354,308,175,195,157,123,167,171,191,183,149,123,101,72,38,15,6,0
30703,Sicaya,1964,0,1776,0,250,228,195,222,149,158,111,119,88,79,86,65,76,44,42,28,19,4,1,0,0,224,195,170,191,141,132,91,93,89,85,73,66,58,53,42,34,23,11,4,1,0
30801,Cliza,5125,5479,5510,5785,1150,975,1152,1193,1003,798,695,611,468,475,434,433,357,291,196,157,116,66,24,10,0,1041,920,1095,1137,978,787,708,661,553,508,512,543,464,403,325,246,206,129,59,20,0
30802,Toco,3472,0,3585,0,273,248,311,400,310,283,267,197,165,163,165,176,143,115,93,73,48,27,13,2,0,240,225,330,352,314,291,234,227,165,185,192,159,180,157,114,82,81,32,10,15,0
30803,Tolata,1114,1672,1060,1696,245,242,293,594,302,182,148,111,92,106,96,101,95,58,59,21,23,10,6,2,0,249,236,331,291,257,164,184,148,131,133,115,112,124,100,67,38,36,17,14,9,0
30901,Quillacollo,3349,63302,3246,67285,7481,6976,7165,7782,7124,5431,5032,4058,3352,2805,2429,1943,1620,1250,860,592,417,229,76,29,0,7067,6511,7134,8049,7327,5990,5598,4460,3716,3175,2724,2291,1973,1538,1125,756,623,313,102,59,0
30902,Sipe Sipe,13366,6918,13911,7376,2485,2299,2439,2475,1957,1503,1324,1103,948,845,680,592,512,374,299,207,136,76,20,10,0,2392,2278,2304,2481,2074,1594,1474,1160,1005,915,798,699,590,500,362,243,237,117,37,27,0
30903,Tiquipaya,2270,23815,2161,25658,2872,2785,2911,2940,2953,2256,1883,1569,1363,1097,915,781,586,421,333,179,136,70,19,16,0,2820,2726,2925,3319,3022,2376,2105,1786,1456,1226,1044,803,694,501,380,267,201,113,37,18,0
30904,Vinto,5452,19745,5499,21272,3077,2808,3004,3010,2633,1988,1733,1466,1188,984,866,692,563,433,311,202,130,77,22,10,0,2918,2698,2889,3203,2838,2121,2032,1688,1277,1105,1007,775,685,516,391,248,211,114,34,21,0
30905,Colcapirhua,0,25275,0,26715,2643,2392,2571,2741,2720,2258,2051,1608,1356,1133,1083,816,615,476,306,249,161,68,17,11,0,2469,2298,2483,2818,2883,2419,2161,1759,1504,1357,1114,895,786,584,428,305,254,131,49,18,0
31001,Sacaba,11170,72860,11186,77250,9166,8823,9433,9456,9417,7238,6353,4953,4223,3518,3088,2476,1969,1493,1023,635,425,219,88,34,0,9132,8317,9202,9737,9513,7559,6714,5537,4764,3943,3445,2843,2341,1811,1301,944,716,400,151,66,0
31002,Colomi,7861,1879,7510,2035,1237,1087,1072,1463,843,677,586,530,505,382,333,280,234,206,127,81,64,23,5,5,0,1131,1097,1044,1199,800,670,616,549,461,441,331,300,274,209,142,110,88,46,26,11,0
31003,Villa Tunari,34745,4340,27950,4351,4884,3946,4004,4925,3770,3387,2838,2416,2282,2025,1576,1075,853,439,316,191,92,37,15,14,0,4709,3800,3788,3769,2949,2688,2318,1899,1715,1453,1085,706,562,367,212,129,92,32,20,8,0
31101,Tapacarí,12506,0,12119,0,1473,1348,1493,1517,1053,750,727,645,588,547,531,469,415,303,266,145,158,50,13,15,0,1433,1307,1395,1413,852,712,659,596,585,548,544,472,439,378,309,182,188,66,28,13,0
31201,Totora,7582,0,7083,0,984,913,870,980,635,499,476,415,355,349,275,213,183,164,129,62,38,27,11,4,0,897,888,883,841,532,438,402,358,303,317,253,211,203,183,175,81,68,27,12,11,0
31202,Pojo,5271,0,4885,0,680,652,634,671,426,342,334,264,264,241,228,160,128,96,62,40,26,11,10,2,0,673,628,611,586,348,272,284,245,262,208,172,124,142,120,92,57,40,11,5,5,0
31203,Pocona,5416,0,5334,0,624,553,547,746,428,302,298,331,324,265,241,224,186,108,100,71,35,15,9,9,0,522,524,539,713,350,279,282,310,298,271,245,247,220,161,147,90,79,33,14,10,0
31204,Chimoré,8305,3372,7171,2888,1439,1297,1222,1566,1157,992,856,726,654,542,421,285,241,137,77,36,18,7,3,1,0,1446,1212,1079,1335,951,849,707,607,514,423,301,215,164,107,67,35,23,16,4,4,0
31205,Puerto Villarroel,18410,6345,15186,6686,2966,2596,2807,3489,2534,1967,1742,1488,1273,1170,913,676,508,267,171,100,55,20,8,5,0,2732,2547,2716,2857,2103,1787,1621,1301,1139,1007,723,523,369,188,114,66,41,16,16,6,0
31206,Entre Ríos (Bulo Bulo),10025,6680,7569,7276,1956,1689,1830,2398,1783,1422,1242,1038,882,773,582,445,271,169,111,52,33,20,5,4,0,1853,1704,1809,1954,1479,1251,1109,978,748,641,467,308,233,116,91,47,34,14,3,6,0
31301,Mizque,11806,1628,11607,1859,1847,1413,1454,1920,1088,783,748,709,680,636,531,461,386,332,186,110,88,33,23,6,0,1805,1556,1471,1649,1022,763,808,722,654,591,528,468,472,326,261,159,132,51,16,12,0
31302,Vila Vila,2674,0,2785,0,372,335,319,319,219,161,137,114,139,118,100,90,97,65,39,29,11,4,4,2,0,405,374,334,315,186,139,146,145,139,127,114,101,86,67,57,20,20,4,4,2,0
31303,Alalay,1738,0,1709,0,230,225,219,197,140,100,92,95,76,90,55,73,44,34,26,21,14,4,2,1,0,194,175,188,205,107,89,91,100,96,84,75,64,64,66,46,28,21,7,5,4,0
31401,Punata,4386,9090,4900,10511,1398,1209,1525,1612,1303,918,791,678,626,649,592,558,475,408,301,179,160,71,18,5,0,1320,1205,1527,1665,1421,1039,987,861,781,782,756,739,638,566,410,269,260,110,49,26,0
31402,Villa Rivero,3996,0,4139,0,475,386,462,441,335,286,239,208,195,201,174,145,121,116,86,57,41,24,2,2,0,428,383,419,405,308,316,268,219,211,215,188,166,175,130,119,80,56,36,10,7,0
31403,San Benito,2378,4117,2679,4388,643,605,768,840,636,417,410,322,268,290,276,262,218,201,139,81,71,38,6,4,0,628,591,676,799,568,470,482,402,332,354,348,330,286,280,192,133,110,50,26,10,0
31404,Tacachi,620,0,683,0,50,69,63,71,50,34,50,37,34,27,28,30,22,18,16,10,5,5,1,0,0,59,52,63,76,56,40,48,38,42,25,34,37,26,33,25,12,11,3,3,0,0
31405,Cuchumuela (Villa Gualberto Villarroel),1283,0,1485,0,122,129,121,141,114,113,91,79,65,65,43,51,43,27,36,18,13,5,5,2,0,167,130,163,139,108,141,90,97,78,71,59,60,51,44,29,19,27,6,3,3,0
31501,Bolívar,3820,0,3459,0,424,390,359,439,315,244,212,232,226,226,187,148,121,116,79,38,48,11,1,4,0,369,343,379,428,255,170,163,193,187,178,158,174,119,112,87,58,51,19,10,6,0
31601,Tiraque,9260,1150,9575,1246,1290,1220,1383,1484,719,596,590,503,460,492,380,316,307,249,163,103,79,43,23,10,0,1231,1169,1352,1359,705,651,621,602,503,480,463,376,412,296,206,134,120,80,35,26,0
31602,Shinahota,8495,2706,6677,2963,1361,1152,1155,1472,1095,917,864,763,659,529,404,282,219,132,91,51,32,16,5,2,0,1199,1091,1150,1227,966,798,700,615,488,415,304,232,164,130,70,49,27,7,3,5,0
40101,Oruro,0,126826,0,138117,15094,12328,13697,13934,14200,11491,10196,7637,6206,5000,4767,3669,2906,2072,1467,912,751,348,111,40,0,14588,12138,13180,14183,14757,12672,11675,9034,7682,6214,5922,4559,3777,2579,1827,1303,1180,556,207,84,0
40102,Caracollo,8911,2484,8848,2872,1254,1162,1388,1167,988,820,700,625,550,542,534,409,383,280,216,181,137,48,9,2,0,1236,1156,1330,1215,999,874,727,653,604,565,526,488,414,326,211,156,147,55,28,10,0
40103,El Choro,4244,0,4481,0,438,368,472,418,354,376,295,287,210,195,160,165,163,121,88,62,43,18,6,5,0,440,366,406,392,411,363,295,276,262,250,235,219,169,132,103,64,67,18,13,0,0
40104,Soracachi (Paria),6573,0,6273,0,676,667,826,662,577,469,423,377,348,370,272,227,217,143,112,89,67,31,14,6,0,628,620,758,633,502,443,410,372,352,332,273,239,225,146,113,117,67,24,12,7,0
40201,Challapata,8439,6034,7181,6650,1702,1474,1766,1689,1274,1028,925,807,730,603,553,506,408,336,271,180,132,68,11,10,0,1551,1460,1602,1403,1082,1008,925,814,658,607,580,536,459,357,298,202,182,72,19,16,0
40202,Santuario de Quillacas,2146,0,1905,0,235,207,205,190,161,161,140,119,115,102,103,99,93,87,43,44,25,10,6,1,0,214,171,166,145,121,132,123,96,102,96,117,98,89,85,47,45,28,20,8,2,0
40301,Corque,4867,0,4354,0,491,388,450,455,369,333,283,269,279,246,263,235,256,177,92,122,93,50,8,8,0,450,380,411,346,297,280,246,221,239,200,241,230,254,180,113,124,72,37,26,7,0
40302,Choquecota,952,0,898,0,98,93,120,79,77,68,58,65,47,44,38,42,39,35,17,18,8,2,4,0,0,84,78,85,86,66,67,68,53,48,43,42,41,43,19,18,20,21,8,6,2,0
40401,Curahuara de Carangas,2212,0,1972,0,196,209,217,369,200,120,137,112,99,104,96,81,78,63,54,37,29,7,4,0,0,198,141,208,182,150,128,139,131,100,104,97,78,91,75,56,41,29,13,6,5,0
40402,Turco,2658,0,2549,0,253,240,288,202,196,209,192,167,167,140,130,110,98,79,70,47,42,16,7,5,0,269,243,247,204,166,184,168,161,164,121,106,114,104,87,66,67,43,19,10,6,0
40501,Huachacalla,658,0,345,0,38,20,22,239,114,51,38,27,25,14,12,9,10,9,6,9,9,5,1,0,0,48,23,25,34,34,33,33,19,18,18,8,7,8,8,11,6,9,2,1,0,0
40502,Escara,2149,0,2074,0,243,182,218,219,185,205,167,157,116,83,104,66,54,56,31,27,20,12,4,0,0,217,165,179,184,210,213,180,135,126,78,96,72,57,49,47,24,29,10,1,2,0
40503,Cruz de Machacamarca,979,0,988,0,131,65,119,80,89,79,92,61,63,53,33,20,32,28,11,12,4,7,0,0,0,117,92,83,77,98,93,85,77,57,42,35,33,38,17,13,11,10,8,2,0,0
40504,Yunguyo del Litoral,266,0,248,0,24,28,27,23,30,34,18,14,11,11,16,8,11,5,3,1,0,1,1,0,0,28,27,28,22,23,28,22,18,9,14,4,8,8,4,2,0,2,0,1,0,0
40505,Esmeralda,1352,0,1350,0,180,137,129,127,152,129,89,77,85,52,46,43,30,31,19,16,6,2,0,2,0,198,108,116,144,138,146,100,84,70,48,54,49,35,25,12,8,11,4,0,0,0
40601,Villa Poopó,2003,1861,1922,1801,359,303,358,389,323,291,275,224,251,214,177,146,182,135,94,55,53,23,9,3,0,367,294,305,311,302,276,269,171,202,176,221,211,161,147,98,83,79,35,10,5,0
40602,Pazña,2997,0,2958,0,333,285,283,222,225,242,197,156,163,161,167,156,124,113,70,49,36,8,1,6,0,327,277,279,225,193,222,191,173,150,165,151,140,145,105,90,47,46,24,4,4,0
40603,Antequera,1678,0,1586,0,191,176,233,133,89,133,119,126,90,101,89,52,50,46,25,16,5,2,1,1,0,205,186,165,129,104,110,119,96,91,91,79,56,41,26,27,27,16,13,4,1,0
40701,Villa Huanuni,2256,10553,2085,9783,1525,1389,1466,1242,1104,1037,1142,898,753,602,579,408,278,187,87,51,38,15,5,3,0,1512,1316,1463,1187,1020,980,969,698,599,514,458,362,278,175,117,78,74,41,18,9,0
40702,Machacamarca,1023,1334,1048,1415,270,208,258,227,185,183,133,132,113,93,111,114,104,68,65,29,42,16,5,1,0,258,212,239,224,172,191,146,121,113,140,130,115,114,85,62,43,62,27,5,4,0
40801,Salinas de Garci Mendoza,6215,0,5663,0,708,627,633,458,450,491,399,404,397,305,319,277,232,198,121,74,82,24,12,4,0,651,571,515,388,373,399,378,333,343,296,312,259,271,199,126,105,93,37,8,6,0
40802,Pampa Aullagas,1567,0,1406,0,192,160,181,113,93,105,87,111,103,77,73,79,65,48,28,21,22,7,2,0,0,177,140,149,129,78,105,82,87,75,57,70,65,56,43,28,30,21,10,2,2,0
40901,Sabaya,4151,0,3867,0,555,401,417,402,413,364,325,267,242,168,160,127,100,64,54,34,39,16,3,0,0,526,382,382,358,346,354,321,224,212,173,167,103,82,82,58,41,40,9,6,1,0
40902,Coipasa,479,0,424,0,56,55,54,64,48,38,24,36,25,12,22,8,13,9,7,5,2,1,0,0,0,55,42,56,53,40,32,33,23,16,17,13,13,15,8,4,2,0,1,0,1,0
40903,Chipaya,1005,0,998,0,128,106,140,125,93,88,60,64,41,33,26,24,18,25,13,10,7,3,1,0,0,127,112,127,143,92,71,69,49,41,34,32,24,22,14,12,12,10,3,2,2,0
41001,Toledo,5191,0,4958,0,514,422,465,443,359,375,386,359,310,299,286,247,200,196,129,100,65,26,5,5,0,487,382,433,399,354,348,329,317,292,274,294,278,219,178,133,97,96,32,10,6,0
41101,Eucaliptus,1434,1234,1207,1392,279,249,319,260,230,188,188,135,130,112,158,92,80,66,65,48,36,20,8,5,0,276,251,292,270,210,169,173,145,133,128,103,92,104,66,66,44,40,25,7,5,0
41201,Andamarca,2646,0,2570,0,244,191,283,223,159,175,145,157,151,155,163,139,128,100,90,55,45,34,4,5,0,226,178,219,184,149,186,177,135,145,151,157,158,123,99,99,77,67,17,13,10,0
41202,Belén de Andamarca,1047,0,969,0,123,96,113,88,69,47,64,61,59,54,67,48,43,35,27,21,22,4,5,1,0,99,72,90,55,65,62,59,50,48,53,49,50,66,43,31,29,30,11,3,4,0
41301,Totora,2848,0,2683,0,296,257,276,262,247,196,165,140,164,145,158,120,116,109,83,45,39,18,9,3,0,294,282,265,275,219,168,145,130,128,128,119,119,108,93,71,49,54,20,12,4,0
41401,Santiago de Huari,5299,2227,4197,2174,764,621,732,671,597,581,585,479,453,435,383,314,240,219,189,138,82,35,6,2,0,696,577,612,557,498,479,442,389,343,301,261,294,259,237,159,115,99,34,12,7,0
41501,La Rivera,254,0,255,0,33,23,32,13,21,26,13,25,19,10,11,6,5,6,4,1,4,1,0,1,0,37,23,18,24,27,25,24,21,10,5,7,8,5,4,7,5,1,1,2,1,0
41502,Todos Santos,401,0,326,0,45,41,38,53,48,43,31,23,22,11,11,12,7,4,6,3,3,0,0,0,0,43,34,29,28,32,36,32,16,19,15,8,10,5,6,4,5,1,1,2,0,0
41503,Carangas,417,0,423,0,66,49,51,38,37,39,30,30,15,14,7,17,5,6,9,2,2,0,0,0,0,48,42,41,52,54,39,35,20,17,23,9,14,13,6,2,4,1,3,0,0,0
41601,Santiago de Huayllamarca,2948,0,2554,0,244,183,222,220,197,166,171,168,181,161,203,192,194,143,117,94,54,28,5,5,0,209,184,213,181,160,147,134,142,158,140,164,145,149,158,101,67,65,26,8,3,0
50101,Potosí,7882,83775,7398,92247,11795,9728,10260,10427,10075,8046,7439,5433,4245,3492,2904,2469,1817,1316,861,500,469,249,78,54,0,11529,9729,10361,10973,10299,8679,8048,6380,5044,4143,3550,2900,2482,1843,1370,835,823,414,157,86,0
50102,Tinguipaya,14343,0,12857,0,1945,1753,1858,1344,1162,965,912,776,661,586,511,443,456,290,266,164,154,60,25,12,0,1684,1652,1617,1224,885,711,667,596,559,580,507,504,467,374,296,193,221,72,26,22,0
50103,Villa de Yocalla,4619,0,4360,0,421,419,478,414,335,289,283,276,222,211,232,201,241,197,156,106,94,32,7,5,0,381,386,437,363,306,269,228,226,197,198,243,254,229,184,167,126,101,40,15,10,0
50104,Belén de Urmiri,1573,0,1186,0,149,129,151,155,117,131,121,111,86,83,75,66,59,50,28,31,15,9,3,4,0,141,118,115,106,118,87,72,60,48,45,59,51,46,47,22,18,16,8,7,2,0
50201,Uncía,6785,4294,6333,4608,1286,1219,1429,1309,1054,812,675,528,533,497,410,404,288,220,165,84,111,33,12,10,0,1139,1194,1308,1172,925,727,671,549,506,511,456,421,369,306,218,168,172,76,33,20,0
50202,Chayanta,6861,1112,6830,1326,986,954,1019,769,604,486,425,386,399,422,338,330,241,208,173,86,82,35,17,13,0,988,954,1009,797,571,427,419,380,376,359,396,347,327,224,181,146,166,58,19,12,0
50203,Llallagua,3149,16499,2882,18574,2492,2369,2517,2284,2223,1549,1262,978,853,743,645,525,438,276,225,100,94,44,15,16,0,2392,2318,2452,2558,2253,1584,1453,1199,1015,882,822,634,556,427,284,235,229,96,38,29,0
50204,Chuquihuta Ayllu Jucumani,4223,0,3796,0,617,545,521,407,361,292,278,227,214,187,139,129,88,73,53,34,32,16,8,2,0,519,514,500,332,282,247,246,197,174,145,124,128,122,75,61,48,40,23,7,12,0
50301,Betanzos,14634,2241,14564,2483,1853,1915,2250,1812,1223,968,930,871,817,762,754,643,637,487,373,245,212,71,28,24,0,1716,1812,2251,1801,1081,897,922,897,848,796,836,718,732,520,414,296,297,133,54,26,0
50302,Chaquí,4793,0,5117,0,483,496,598,452,316,245,231,230,218,228,244,257,211,201,131,107,83,45,10,7,0,446,477,548,440,328,240,247,230,249,258,281,292,287,225,178,165,152,42,18,14,0
50303,Tacobamba,6213,0,5622,0,689,664,826,639,459,415,398,351,331,281,246,243,201,156,111,74,77,24,10,18,0,665,624,735,540,373,295,290,301,238,269,264,256,200,169,125,101,102,44,25,6,0
50401,Colquechaca,16323,2209,14604,2063,2318,2257,2445,1790,1437,1179,1057,1009,919,866,733,567,555,432,352,205,263,79,43,26,0,2207,2208,2122,1531,1118,912,929,847,740,734,659,589,567,395,374,264,289,114,45,23,0
50402,Ravelo,10552,0,10237,0,1190,1271,1480,936,606,513,538,559,575,581,530,412,417,265,221,155,196,62,27,18,0,1176,1160,1373,848,496,520,512,575,530,530,513,432,439,285,268,170,258,92,35,25,0
50403,Pocoata,13376,0,12954,0,1559,1460,1606,1293,965,858,757,677,712,632,563,499,496,372,327,247,203,88,37,25,0,1471,1493,1518,1213,791,663,688,598,611,609,537,582,553,468,386,292,296,113,47,25,0
50404,Ocurí,8472,0,7646,0,1098,1087,1090,734,629,565,485,433,420,400,363,303,240,170,188,101,113,27,20,6,0,996,941,1017,646,505,421,446,363,377,383,322,292,285,183,161,101,139,39,14,15,0
50501,San Pedro de Buena Vista,15374,0,14638,0,1914,1843,2082,1528,1136,904,869,746,742,725,639,544,544,382,295,188,169,58,43,23,0,1833,1796,1915,1374,952,818,802,726,704,687,607,550,577,414,306,246,200,71,37,23,0
50502,Toro Toro,5445,0,5425,0,663,691,738,496,284,291,311,258,267,296,222,227,196,148,133,87,76,37,16,8,0,677,723,695,419,249,274,292,260,279,249,212,231,217,194,146,98,127,45,21,17,0
50601,Cotagaita,12461,3097,12916,3327,1645,1658,1785,1639,1358,1269,1104,901,790,738,607,580,479,389,265,158,135,35,13,10,0,1619,1621,1827,1609,1267,1185,1027,956,765,717,709,709,669,542,372,250,262,81,37,19,0
50602,Vitichi,4985,0,5661,0,523,547,660,538,361,256,250,276,208,216,237,229,197,162,134,88,67,23,10,3,0,504,566,682,534,349,305,270,280,251,272,277,265,286,247,199,171,118,61,17,7,0
50701,Sacaca,8778,1177,8430,1226,1325,1147,1336,995,767,608,606,588,533,407,378,323,301,221,174,113,80,30,16,7,0,1241,1119,1187,885,649,551,565,542,497,413,398,395,387,263,228,129,143,41,17,6,0
50702,Caripuyo,4586,0,4118,0,510,537,610,413,289,294,294,284,236,240,196,218,144,125,89,41,46,10,6,4,0,509,492,486,361,205,212,231,208,196,231,189,210,176,136,114,58,70,23,3,8,0
50801,Tupiza,8510,13162,8841,14301,2576,2196,2479,2657,1865,1478,1395,1127,1063,915,911,726,697,554,419,263,208,102,28,13,0,2402,2148,2396,2479,1846,1587,1532,1345,1163,1073,1074,934,902,724,559,365,361,167,57,28,0
50802,Atocha,3533,2251,3233,2217,737,676,661,587,455,459,529,388,357,271,237,158,103,62,48,24,16,10,4,2,0,741,621,645,556,452,429,450,311,292,233,179,142,117,101,70,39,43,22,4,3,0
50901,"Colcha ""K""",7103,0,5894,0,666,664,688,697,664,671,641,513,461,349,282,185,167,163,119,68,67,26,8,4,0,705,644,707,570,472,463,422,351,285,221,197,194,182,158,94,93,78,35,13,10,0
50902,San Pedro de Quemes,568,0,492,0,41,36,56,50,36,55,63,36,38,23,25,27,15,23,14,13,10,4,3,0,0,42,46,44,42,34,41,37,33,20,27,26,26,20,25,12,5,12,0,0,0,0
51001,San Pablo de Lipez,1819,0,1552,0,227,223,176,188,175,139,143,101,94,81,62,57,55,28,32,12,16,7,2,1,0,212,188,161,157,155,115,105,81,57,63,54,49,45,29,27,19,13,15,3,4,0
51002,Mojinete,587,0,593,0,77,57,64,44,57,53,45,34,27,36,21,18,15,18,10,6,3,1,0,1,0,79,50,59,60,57,50,40,43,27,20,19,19,20,22,8,7,6,5,1,1,0
51003,San Antonio de Esmoruco,1117,0,1167,0,123,124,144,108,94,77,90,71,57,45,33,37,23,33,25,20,8,1,4,0,0,156,132,136,111,81,93,84,75,65,50,44,26,27,24,27,14,13,3,2,4,0
51101,Puna,10485,0,11432,0,1098,1092,1295,1118,799,636,572,524,484,464,465,460,421,338,292,184,142,58,22,21,0,1128,1057,1245,1084,777,635,590,525,529,514,602,581,580,466,400,283,246,115,43,32,0
51102,"Caiza ""D""",4599,1317,4820,1331,589,560,706,621,496,446,385,350,320,279,276,230,219,163,109,82,47,24,8,6,0,560,541,647,602,478,432,362,359,321,304,309,294,274,191,194,133,94,34,14,8,0
51103,Ckochas,7961,0,7851,0,1092,1080,1185,817,508,436,385,411,398,330,335,254,231,159,126,65,97,34,6,12,0,994,1008,1094,793,486,398,406,411,384,377,343,297,259,172,134,116,133,26,13,7,0
51201,Uyuni,5967,8537,5571,9597,1819,1625,1615,1586,1257,1182,1038,871,705,555,527,425,378,328,223,136,144,51,26,13,0,1799,1579,1596,1489,1224,1295,1174,901,788,675,598,527,438,341,238,190,189,84,35,8,0
51202,Tomave,7341,0,7448,0,868,753,863,732,582,440,433,374,357,323,334,338,309,197,169,132,90,32,10,5,0,814,760,843,633,496,440,422,362,351,360,372,360,335,315,217,138,135,59,23,13,0
51203,Porco,1389,4152,1373,3952,822,654,628,481,521,542,477,388,288,213,158,115,82,62,41,29,18,11,6,5,0,831,733,622,463,452,463,417,324,235,188,150,119,117,65,55,33,25,20,5,8,0
51301,Arampampa,2129,0,2041,0,283,258,260,174,122,126,124,119,98,108,81,86,102,59,32,42,37,8,6,4,0,288,261,237,153,113,103,120,85,86,88,90,86,104,74,45,33,45,14,11,5,0
51302,Acasio,3059,0,3102,0,369,364,450,323,191,164,137,140,149,167,92,132,113,77,72,38,51,15,7,8,0,398,389,409,300,149,153,142,129,146,153,128,131,121,89,94,54,76,25,13,3,0
51401,Llica,2183,0,1967,0,203,171,199,214,239,208,150,112,97,85,99,73,98,76,53,49,28,18,10,1,0,225,177,163,160,195,170,102,112,74,88,84,86,72,92,62,34,34,30,5,2,0
51402,Tahua,878,0,822,0,93,79,78,80,68,50,59,60,55,44,51,36,44,30,15,17,14,3,2,0,0,86,79,75,70,64,52,49,39,49,40,31,52,45,30,19,15,14,9,3,1,0
51501,Villazón,4692,16821,4877,18516,2514,2382,2622,2413,1685,1553,1487,1272,1085,969,891,628,581,547,379,214,178,72,26,15,0,2307,2215,2541,2486,1830,1734,1712,1535,1286,1133,987,836,847,634,457,339,291,147,42,34,0
51601,San Agustín,831,0,853,0,75,91,97,84,64,60,64,56,51,41,40,29,23,12,18,14,7,4,1,0,0,81,99,90,82,62,62,60,53,45,38,46,33,29,26,23,9,8,4,2,1,0
60101,Tarija,12984,86538,12830,93023,10427,8634,9335,10928,11378,8978,8202,6543,5463,4492,4001,3103,2605,1908,1409,889,655,344,146,82,0,9746,8353,9079,11427,11877,9597,8919,7225,6170,5014,4606,3522,3179,2335,1691,1204,1053,520,212,124,0
60201,Padcaya,9611,0,9070,0,980,826,1156,1124,865,702,612,570,511,494,419,337,325,262,180,107,79,40,15,7,0,964,803,1031,937,815,641,632,512,501,423,394,371,314,254,187,125,93,45,15,13,0
60202,Bermejo,2616,14619,2325,14945,1758,1515,1730,1964,1501,1429,1384,1142,1053,865,776,625,504,387,279,154,85,51,17,16,0,1729,1467,1695,1893,1530,1419,1429,1241,1003,886,829,622,539,356,282,171,101,47,22,9,0
60301,Yacuiba,14785,31327,13297,32836,5132,4665,5477,5433,4050,3543,3473,3108,2718,2199,1784,1256,1054,751,617,372,284,115,40,41,0,4936,4408,5104,5281,3937,3665,3757,3276,2720,2195,1763,1328,1156,891,618,445,375,156,60,62,0
60302,Caraparí,6989,1957,4828,1592,849,659,778,851,864,965,920,704,549,509,407,267,223,138,112,66,55,20,5,5,0,780,627,709,666,543,594,540,404,332,262,254,171,160,113,91,72,63,22,12,5,0
60303,Villamontes,5332,15252,4307,14976,2255,2012,2164,2464,2023,1820,1655,1341,1171,979,771,557,490,323,250,128,101,40,20,20,0,2293,1927,2137,2085,1817,1671,1593,1303,1012,848,675,537,434,315,234,136,169,50,28,19,0
60401,Uriondo (Concepción),7345,0,7436,0,715,653,810,810,732,587,551,466,411,337,303,297,206,177,120,71,61,23,10,5,0,720,622,776,869,672,557,566,500,397,333,320,278,258,194,128,100,72,37,22,15,0
60402,Yunchará,2730,0,2760,0,344,310,330,303,207,183,170,133,123,108,107,92,92,72,66,34,38,12,4,2,0,301,282,337,279,195,182,186,155,128,115,109,99,117,96,66,45,39,16,6,7,0
60501,San Lorenzo,10072,1657,10390,1744,1281,1113,1367,1225,950,780,721,713,662,529,556,463,414,371,248,174,95,44,13,10,0,1210,1106,1274,1187,1042,818,774,743,651,611,560,508,495,393,296,178,159,76,29,24,0
60502,El Puente,5674,0,5680,0,648,523,728,560,447,401,392,318,311,269,286,210,175,125,113,72,60,22,7,7,0,568,486,732,551,424,412,374,301,314,264,276,223,211,163,126,99,93,38,15,10,0
60601,Entre Ríos,9650,1980,8297,2064,1318,1158,1178,1153,979,918,843,775,648,632,494,429,366,233,217,127,98,40,18,6,0,1312,1122,1087,1037,755,764,719,620,565,485,449,356,327,213,218,137,109,53,21,12,0
70101,Santa Cruz de la Sierra,6461,715200,5682,727196,78463,68429,72947,80466,83293,67752,59347,48138,39980,32050,27508,20829,15739,10748,7201,3995,2752,1293,473,258,0,74796,65717,70055,84307,85181,69323,61252,49773,40786,33408,28276,21324,17126,11517,8105,5044,3803,1979,718,388,0
70102,Cotoca,11359,12145,9872,12143,2995,2745,2955,2706,2404,1917,1784,1385,1196,901,734,534,414,323,222,151,85,34,13,6,0,2924,2606,2684,2540,2209,1845,1624,1393,1141,821,632,488,363,258,217,123,86,40,16,5,0
70103,Porongo (Ayacucho),6169,1988,5072,2088,905,948,967,890,654,546,491,474,473,424,349,282,295,168,152,64,41,24,7,3,0,832,882,845,808,606,505,490,468,367,327,243,215,202,140,97,56,46,16,8,7,0
70104,La Guardia,5401,39523,4805,39555,5231,4895,5182,5298,4570,3834,3570,3076,2578,1953,1432,1038,819,540,366,245,162,95,19,21,0,5112,4627,5009,5275,4753,3990,3786,3178,2316,1797,1223,992,786,583,375,244,173,86,36,19,0
70105,El Torno,9413,15873,8441,15925,2815,2698,2927,3090,2552,1936,1833,1500,1398,1122,870,745,583,463,317,180,153,54,38,12,0,2783,2497,2924,3074,2445,1875,1698,1539,1247,1010,836,665,588,425,303,188,145,76,29,19,0
70201,Warnes,8427,40572,7170,40237,6202,5640,5834,5318,4683,3980,3937,3208,2692,1964,1676,1285,872,663,533,258,145,67,26,16,0,5883,5275,5759,5391,4770,4121,3898,3094,2351,1889,1464,1074,893,564,413,244,165,94,44,21,0
70202,Okinawa,3246,3188,2828,3220,809,766,752,816,582,447,416,327,325,304,237,192,159,99,86,54,32,21,7,3,0,805,754,795,744,577,472,368,317,264,213,196,157,119,78,71,52,41,15,7,3,0
70301,San Ignacio,15629,11230,13607,11896,3651,3428,3540,3168,2149,1830,1705,1506,1353,1092,957,753,593,407,327,210,121,41,21,7,0,3467,3215,3508,2855,2119,1916,1723,1409,1220,1017,797,639,492,381,304,191,154,59,21,16,0
70302,San Miguel,3753,2108,3209,2257,740,655,800,715,416,388,386,371,297,285,216,182,148,102,73,36,29,16,5,1,0,685,611,731,653,437,368,341,344,282,228,191,151,111,105,94,61,42,19,10,2,0
70303,San Rafael,1714,1566,1253,1606,431,342,355,352,269,298,260,194,195,154,136,100,66,51,35,14,13,12,2,1,0,449,369,378,306,256,215,187,148,121,112,100,62,55,38,27,16,10,7,2,1,0
70401,Buena Vista,4608,2326,3866,2079,775,721,808,901,567,429,408,406,352,320,300,245,235,170,142,86,45,13,9,2,0,703,672,713,714,463,413,397,347,324,280,205,191,164,114,107,57,43,22,11,5,0
70402,San Carlos,3870,6581,3149,6493,1214,1189,1340,1215,1014,776,642,566,552,429,325,322,291,214,162,96,55,31,13,5,0,1221,1164,1158,1244,881,714,652,507,462,365,294,264,238,162,135,70,63,26,16,6,0
70403,Yapacaní,10528,16843,6779,16408,2989,2657,2799,3023,2748,2419,2234,1995,1590,1377,1111,834,651,454,211,141,77,37,15,9,0,2974,2546,2639,2957,2363,1985,1737,1474,1129,876,745,530,497,287,185,109,91,31,24,8,0
70404,San Juan,2208,2816,1582,2585,592,561,555,506,404,387,388,367,264,223,184,155,176,104,72,49,24,4,8,1,0,516,535,490,491,367,342,287,244,198,142,139,139,95,53,52,30,29,12,5,1,0
70501,San José,9098,6313,7338,6173,1934,1756,1807,1722,1433,1254,1129,970,856,682,588,428,315,183,140,103,43,43,20,5,0,1949,1719,1677,1444,1145,1087,991,821,596,556,465,318,244,194,123,76,48,36,19,3,0
70502,Pailón,14879,4919,13137,4931,3085,2476,2351,2382,1830,1559,1303,1122,980,828,583,449,339,200,130,81,63,21,9,7,0,2863,2334,2375,2202,1728,1359,1140,1072,828,612,472,331,252,186,125,89,56,26,10,8,0
70503,Roboré,2841,5387,2206,5207,754,843,970,1347,646,540,481,430,420,403,339,306,261,170,134,87,54,34,8,1,0,785,779,893,883,544,455,507,443,365,380,388,237,244,154,134,89,64,42,19,8,0
70601,Portachuelo,2181,7030,1613,7061,1091,901,1048,1066,883,642,609,507,488,425,365,304,266,214,192,104,69,26,9,2,0,1051,850,931,1022,863,646,581,489,409,417,360,280,231,188,152,92,66,30,9,7,0
70602,Santa Rosa del Sara,7989,2608,5990,2630,1144,1101,1190,1096,857,796,799,725,614,572,454,376,338,219,139,89,49,19,15,5,0,1169,1066,1077,927,652,634,583,515,418,398,310,236,207,146,118,71,49,22,7,15,0
70603,Colpa Bélgica,830,2337,664,2238,412,338,373,342,292,232,211,185,190,139,98,91,95,60,55,23,22,5,2,2,0,400,346,328,357,281,209,189,145,147,114,107,84,85,47,29,17,13,3,1,0,0
70701,Lagunillas,2921,0,2445,0,324,347,381,280,253,212,209,168,167,140,115,92,65,62,47,32,11,5,6,5,0,316,310,336,250,180,161,147,131,140,94,70,67,84,45,41,28,28,9,3,5,0
70702,Charagua,14902,1817,13788,1679,2442,2095,2314,2034,1387,1105,1090,860,785,644,563,406,367,228,191,99,64,32,6,7,0,2320,2094,2107,1628,1243,1076,1019,857,631,571,493,394,329,230,202,138,87,27,11,10,0
70703,Cabezas,11835,2491,9890,2218,1869,1668,1707,1679,1374,1173,993,865,697,593,516,388,326,194,137,71,43,21,10,2,0,1760,1492,1589,1382,1060,885,825,701,529,472,369,302,254,186,131,67,65,19,15,5,0
70704,Cuevo,1340,1184,1237,1291,324,247,296,333,231,183,154,156,125,125,104,58,59,53,37,16,11,10,1,1,0,317,316,328,257,180,152,160,152,133,114,83,70,74,61,51,45,21,10,3,1,0
70705,Gutiérrez,6145,0,6128,0,857,860,895,689,462,417,371,306,312,214,191,151,140,112,78,49,27,7,4,3,0,876,832,891,663,443,388,379,299,274,225,188,146,177,96,100,69,42,29,6,5,0
70706,Camiri,2486,13842,2497,15013,1749,1655,1896,2125,1641,1230,1011,888,816,717,643,542,459,345,257,171,97,56,17,13,0,1631,1628,1898,2049,1771,1311,1208,1081,932,867,768,605,555,385,313,214,167,78,35,14,0
70707,Boyuibe,923,1668,763,1733,283,252,337,373,242,205,176,145,130,114,103,66,65,38,25,16,13,4,3,1,0,256,254,326,301,214,200,178,145,124,115,78,94,57,45,43,21,32,7,4,2,0
70801,Vallegrande,3901,4868,3149,5290,879,734,903,960,715,610,581,539,497,476,392,349,324,262,214,134,117,55,17,11,0,842,665,928,828,601,562,550,533,469,426,375,366,328,309,249,169,134,77,22,6,0
70802,El Trigal,1108,0,1027,0,124,87,76,101,82,98,104,62,67,66,51,52,40,30,23,18,18,4,5,0,0,116,75,87,98,85,82,69,59,64,49,60,28,36,32,39,21,16,7,1,3,0
70803,Moro Moro,1442,0,1325,0,134,133,143,154,105,113,88,85,93,80,58,68,48,40,44,25,18,11,0,2,0,130,107,143,111,83,92,82,100,70,76,56,56,57,44,44,31,23,12,8,0,0
70804,Postrervalle,1297,0,1093,0,137,111,122,125,100,101,112,92,82,71,69,40,44,27,34,17,6,5,1,1,0,122,104,112,90,88,88,85,73,57,57,57,36,40,26,28,13,10,3,3,1,0
70805,Pucará,1119,0,957,0,107,95,134,104,76,72,85,65,66,67,59,50,44,31,31,16,9,6,1,1,0,105,69,90,81,78,63,69,66,60,54,43,47,36,17,23,26,21,5,2,2,0
70901,Samaipata,3355,2197,2719,2201,574,552,540,578,389,380,393,378,344,325,279,202,202,168,117,65,42,15,8,1,0,537,469,505,448,358,347,349,324,305,276,239,178,200,128,100,62,54,29,10,2,0
70902,Pampa Grande,3011,1785,2615,1787,523,528,546,520,379,321,313,340,303,261,219,160,117,100,74,51,27,9,4,1,0,485,456,543,468,340,298,299,283,249,238,165,137,136,99,76,58,35,25,5,7,0
70903,Mairana,1866,3427,1555,3329,615,572,616,587,441,384,392,327,301,268,229,152,137,106,67,49,28,10,9,3,0,588,527,588,500,404,356,361,311,277,205,182,162,144,110,78,40,31,10,8,2,0
70904,Quirusillas,1554,0,1441,0,163,114,162,169,113,130,128,123,81,89,79,49,54,33,24,22,14,5,1,1,0,164,102,130,161,125,136,117,94,102,74,57,53,38,26,21,24,8,7,0,2,0
71001,Montero,1219,53269,1001,54029,6024,5721,6261,6441,5755,4662,4092,3336,2820,2363,1931,1503,1238,880,640,393,253,115,41,19,0,5996,5479,6195,6776,6067,4800,4159,3303,2696,2356,1982,1516,1212,905,625,432,298,151,60,22,0
71002,Gral. Saavedra,4765,2633,4177,2634,905,808,913,839,656,609,507,445,347,331,269,221,177,137,106,60,37,14,13,4,0,839,796,859,815,592,498,488,393,327,227,249,190,175,123,126,54,39,13,4,4,0
71003,Mineros,2733,9234,2178,9106,1506,1341,1399,1392,1144,988,903,739,594,506,396,308,259,200,146,72,41,20,8,5,0,1483,1285,1338,1400,1127,920,817,673,510,422,356,270,239,149,129,72,52,29,9,4,0
71004,Puerto Fernández Alonso,3833,4587,2332,4365,942,804,882,987,940,804,690,567,472,323,283,247,171,137,90,38,19,10,11,3,0,794,713,842,855,634,557,498,415,348,260,212,158,151,103,71,43,28,6,5,4,0
71005,San Pedro,7134,3842,4554,3573,1100,1003,1151,1241,1146,1025,983,883,656,514,370,306,270,141,99,45,25,11,6,1,0,1045,977,1015,1002,739,712,613,489,366,305,233,221,182,82,72,32,21,13,3,5,0
71101,Concepción,4976,5084,3909,4831,1194,1221,1321,1205,772,748,701,626,510,441,368,281,241,178,130,52,50,19,1,1,0,1253,1143,1143,974,733,629,619,481,395,317,276,236,183,122,88,52,61,21,10,4,0
71102,San Javier,3776,3472,2725,3647,910,821,922,829,630,499,510,453,436,352,232,218,157,102,84,46,28,12,4,3,0,878,777,907,791,522,469,434,378,303,250,181,140,111,75,60,42,29,16,7,2,0
71103,San Ramón,692,3265,400,3133,486,357,494,494,372,294,281,250,213,165,162,136,97,63,49,18,12,10,2,2,0,427,392,475,439,312,302,265,231,155,139,100,107,60,41,42,23,13,8,2,0,0
71104,San Julián,15441,9518,12601,9856,3045,2980,3234,2956,2274,1827,1695,1502,1179,1142,996,772,544,350,223,107,81,29,11,12,0,2958,2917,3177,2813,2012,1661,1521,1269,970,825,707,518,421,235,185,119,81,39,12,17,0
71105,San Antonio de Lomerío,3424,0,3057,0,411,405,455,424,296,259,220,221,167,134,106,103,65,63,40,29,15,7,3,1,0,405,385,424,355,270,213,213,172,139,113,91,75,71,48,35,19,20,6,1,2,0
71106,Cuatro Cañadas,7923,4057,6727,4138,1548,1369,1496,1472,1194,979,834,744,605,506,380,307,204,133,100,52,38,12,3,4,0,1523,1278,1450,1411,1089,889,736,554,492,400,306,245,169,101,105,49,35,18,7,8,0
71201,San Matías,4375,3197,3759,3139,892,829,960,926,608,546,540,501,403,322,270,217,199,140,80,66,41,18,7,7,0,801,852,933,782,544,489,502,453,363,282,213,192,151,126,83,50,37,25,13,7,0
71301,Comarapa,5534,2569,5070,2746,1033,942,1082,883,569,572,588,501,403,364,289,249,202,151,113,61,59,27,10,5,0,964,967,994,843,556,572,527,458,350,368,274,252,203,171,118,79,59,35,18,8,0
71302,Saipina,1739,2171,1561,1919,494,482,491,479,304,269,277,226,213,178,145,89,80,75,47,33,19,7,2,0,0,448,445,458,424,260,234,230,199,174,155,98,75,87,63,50,37,24,12,5,2,0
71401,Puerto Suárez,1976,8497,1510,7846,1006,929,1077,1324,894,872,856,741,687,535,475,332,270,169,151,69,47,26,10,3,0,966,831,1072,1111,859,819,752,621,548,494,413,289,199,145,100,59,42,18,8,10,0
71402,Puerto Quijarro,176,8381,110,7992,945,823,927,973,819,700,726,662,540,425,331,246,175,97,65,42,33,15,8,5,0,865,821,922,903,792,728,658,574,514,389,286,207,180,85,69,46,37,14,8,4,0
71403,Carmen Rivero Torres,2037,1398,1395,1512,384,387,397,372,337,250,243,208,189,202,118,113,77,60,39,27,21,7,3,1,0,397,351,375,339,245,226,183,140,136,127,102,70,62,56,34,26,20,12,4,2,0
71501,Ascención de Guarayos,3946,10082,3150,9892,1830,1820,1822,1619,1135,1056,935,806,709,608,484,350,290,233,143,93,50,26,13,6,0,1734,1800,1710,1592,1129,1003,845,743,594,481,349,314,222,161,160,96,67,25,12,5,0
71502,Urubichá,452,3151,296,3127,485,426,579,433,261,235,236,188,168,145,114,106,88,66,30,25,12,4,0,2,0,462,471,518,405,250,231,219,172,137,120,100,80,78,54,53,37,19,9,6,2,0
71503,El Puente,5781,2209,4038,2177,988,785,879,821,675,598,644,545,500,427,386,295,177,124,66,37,28,13,2,0,0,881,810,801,648,494,484,443,368,325,254,211,177,127,68,49,33,24,12,2,4,0
80101,Trinidad,2679,50363,2289,51265,6282,5537,5588,6300,5842,4519,3958,3256,2746,2132,1933,1480,1281,817,555,327,257,117,60,55,0,6051,5210,5374,6271,5993,4675,4186,3432,2780,2225,1957,1597,1312,841,592,403,351,172,63,69,0
80102,San Javier,3022,0,2255,0,395,312,329,307,271,222,213,189,160,149,111,117,103,59,47,12,17,6,1,2,0,370,286,259,243,206,165,155,124,102,82,73,65,51,23,26,13,10,2,0,0,0
80201,Riberalta,5655,39624,4594,39149,6185,5182,5428,5551,4340,3598,3173,2436,2185,1775,1499,1171,945,700,470,294,202,83,35,27,0,5903,4985,5236,5054,4344,3561,3306,2578,2001,1761,1325,1076,885,615,442,272,232,88,39,40,0
80202,Guayaramerín,3503,17970,2508,17833,2607,2235,2540,2586,1986,1678,1513,1148,1133,1039,816,605,523,346,310,165,135,60,24,24,0,2461,2097,2398,2404,1877,1570,1502,1251,1063,938,752,571,483,345,225,162,122,68,29,23,0
80301,Reyes,3259,3634,2785,3568,863,813,797,862,560,490,458,391,365,286,255,209,163,137,89,62,46,14,16,17,0,918,774,766,742,533,455,431,371,295,253,204,147,158,83,81,55,43,21,8,15,0
80302,San Borja,10090,10982,8588,11204,3024,2700,2659,2569,1581,1368,1293,1142,1088,894,728,560,490,329,257,181,117,57,21,14,0,2836,2585,2598,2317,1632,1324,1311,1130,961,769,549,421,434,276,227,179,141,53,29,20,0
80303,Santa Rosa,2565,2328,2186,2399,590,622,582,559,374,359,321,318,250,226,190,142,119,78,65,47,28,5,7,11,0,681,579,565,477,390,341,300,293,223,174,149,112,87,61,54,37,35,15,7,5,0
80304,Rurrenabaque,3171,6974,2578,6472,1250,1086,1204,1205,924,791,722,613,604,419,391,320,243,130,103,56,48,27,4,5,0,1193,1057,1070,1048,812,754,685,569,473,384,265,219,179,134,80,61,30,24,6,7,0
80401,Santa Ana,3428,5946,2820,6245,1187,1143,1192,1157,769,632,538,538,502,391,327,275,249,177,132,76,52,23,7,7,0,1152,1109,1128,1048,767,686,545,521,466,386,291,248,231,179,126,75,57,29,12,9,0
80402,Exaltación,3393,0,2969,0,420,376,371,400,354,265,246,202,175,161,122,89,77,47,42,25,16,2,1,2,0,443,369,355,363,301,251,183,161,150,97,83,63,46,37,25,19,13,8,1,1,0
80501,San Ignacio,6134,5034,4926,5020,1617,1352,1411,1366,862,700,678,591,588,429,395,336,270,204,141,96,87,26,14,5,0,1513,1273,1282,1185,807,716,585,507,467,347,310,255,216,133,149,97,70,22,9,3,0
80601,Loreto,2058,0,1770,0,309,223,267,210,170,150,140,124,108,93,73,58,46,23,27,20,10,1,3,3,0,314,252,214,170,159,137,93,91,81,54,58,36,39,36,12,12,10,1,0,1,0
80602,San Andrés,5684,1162,4476,1181,774,779,767,737,627,505,446,464,399,356,277,229,165,127,75,67,30,13,6,3,0,803,684,741,634,463,418,364,340,325,219,204,138,105,71,57,38,33,9,8,3,0
80701,San Joaquín,1415,2419,946,2137,439,362,376,551,385,284,281,234,217,175,150,112,92,61,51,27,19,7,4,7,0,413,342,392,372,270,237,211,171,149,128,111,76,52,65,35,26,13,11,9,0,0
80702,San Ramón,868,1810,542,1735,345,330,290,263,245,199,172,147,152,133,88,91,77,52,37,28,19,5,2,3,0,339,288,256,242,187,161,139,129,118,96,92,61,53,38,28,23,12,11,2,2,0
80703,Puerto Siles,538,0,407,0,62,61,54,72,48,29,44,41,33,17,15,20,16,8,7,5,5,1,0,0,0,79,56,49,42,31,36,21,23,18,15,11,6,6,3,4,2,4,0,0,1,0
80801,Magdalena,1940,4111,1381,3945,782,702,679,715,484,437,400,354,303,272,221,189,169,115,85,73,34,25,9,3,0,684,638,634,603,449,381,362,285,249,232,228,159,116,96,77,59,50,12,7,5,0
80802,Baures,2386,1076,1452,1051,332,319,324,469,357,282,241,223,219,171,164,124,100,49,44,23,12,6,1,2,0,328,276,279,295,203,207,161,165,118,118,77,87,57,45,43,15,15,9,4,1,0
80803,Huacaraje,1211,1088,847,965,266,233,240,300,205,199,147,142,127,108,99,72,57,39,22,23,12,3,4,1,0,242,207,206,204,172,131,115,104,83,84,56,74,38,40,17,14,15,8,1,1,0
90101,Cobija,1303,22675,844,21445,2977,2439,2509,2785,2662,2337,2019,1689,1223,966,767,550,389,295,170,96,58,24,11,12,0,2820,2262,2334,2469,2472,2278,1995,1500,1128,859,674,502,379,235,156,108,61,42,10,5,0
90102,Porvenir,2009,2345,1548,2046,488,402,497,575,441,390,307,273,255,198,169,123,95,52,46,25,8,7,3,0,0,502,374,462,441,341,334,278,219,148,146,108,81,63,44,26,16,8,3,0,0,0
90103,Bolpebra,1250,0,923,0,159,123,116,126,119,105,90,83,83,71,53,37,37,24,14,5,4,0,1,0,0,158,100,117,100,69,88,69,51,54,35,27,15,15,14,3,1,6,1,0,0,0
90104,Bella Flor,2248,0,1661,0,228,193,210,279,238,247,170,154,145,91,99,77,57,33,12,10,3,2,0,0,0,222,213,195,193,192,139,116,101,84,59,55,38,29,13,5,5,1,1,0,0,0
90201,Puerto Rico,1938,1557,1568,1176,454,408,423,536,345,258,240,184,164,130,99,87,65,49,29,13,4,4,3,0,0,426,407,380,275,279,220,203,134,108,96,64,55,36,21,20,6,8,3,1,2,0
90202,San Pedro,1639,0,1352,0,195,184,214,257,178,121,96,87,83,67,55,47,26,12,7,7,2,1,0,0,0,157,151,234,210,130,95,91,105,55,47,31,25,7,4,3,5,1,1,0,0,0
90203,Filadelfia,3310,0,2446,0,430,339,391,331,289,277,270,225,207,172,117,80,78,45,24,18,11,5,0,1,0,393,336,307,270,234,219,167,142,118,77,58,43,38,16,8,9,8,1,1,1,0
90301,Puerto Gonzalo Moreno,4415,0,3745,0,618,547,635,623,414,332,261,244,208,130,93,85,76,50,47,26,18,7,1,0,0,569,521,578,537,320,287,201,183,150,104,78,68,56,35,30,11,10,5,2,0,0
90302,Blanca Flor (San Lorenzo),4121,0,3531,0,611,508,543,508,356,326,276,244,207,151,129,96,84,34,26,10,7,4,1,0,0,543,514,527,387,317,315,223,195,135,133,83,58,34,24,26,10,4,3,0,0,0
90303,El Sena,3022,1433,2649,1154,674,517,557,509,449,388,307,255,203,200,149,95,70,40,21,10,4,7,0,0,0,684,516,542,457,367,320,249,187,134,131,85,66,28,18,8,7,3,1,0,0,0
90401,Santa Rosa del Abuná,1442,0,953,0,182,154,132,171,177,130,129,92,71,67,48,39,29,11,6,2,1,1,0,0,0,152,128,122,120,88,88,71,55,42,34,24,18,2,5,3,1,0,0,0,0,0
90402,Humaita (Ingavi),953,0,701,0,142,94,120,97,84,100,73,50,44,42,39,32,22,6,5,1,2,0,0,0,0,152,94,86,76,70,55,47,30,26,25,16,10,6,3,2,0,2,1,0,0,0
90501,Nueva Esperanza,1279,0,789,0,124,92,109,162,145,144,100,97,77,68,59,45,31,15,4,4,3,0,0,0,0,132,92,80,85,72,70,56,49,47,34,27,17,11,6,6,3,2,0,0,0,0
90502,Villa Nueva (Loma Alta),1512,0,1289,0,216,193,198,155,143,125,112,91,68,59,49,33,29,21,10,8,1,0,1,0,0,230,193,206,125,112,94,91,64,44,35,33,21,16,13,1,3,7,1,0,0,0
90503,Santos Mercado (Reserva),1300,0,865,0,151,115,152,146,114,135,133,92,83,52,49,29,23,19,6,1,0,0,0,0,0,158,125,112,90,82,77,58,56,31,29,21,15,5,3,2,1,0,0,0,0,0
